master_pop_scenario,master_year,master_WWT_scenario,master_county,API_light_ethinylestradiol,API_light_estriol,API_medium_diclofenac,API_medium_ciprofloxacin,API_heavy_paracetamol,API_heavy_ibuprofen,P(API_RQ_FW_Estradiol=0-1),P(API_RQ_FW_Estradiol=1-10),P(API_RQ_FW_Estradiol=10-100),P(API_RQ_FW_Estradiol=100-1000),P(API_RQ_FW_Estradiol=1000-10000),P(API_RQ_FW_Estradiol=10000-inf),P(API_RQ_FW_Ethinylestradiol=0-1),P(API_RQ_FW_Ethinylestradiol=1-10),P(API_RQ_FW_Ethinylestradiol=10-100),P(API_RQ_FW_Ethinylestradiol=100-1000),P(API_RQ_FW_Ethinylestradiol=1000-10000),P(API_RQ_FW_Ethinylestradiol=10000-inf),P(API_RQ_FW_Diclofenac=0-1),P(API_RQ_FW_Diclofenac=1-10),P(API_RQ_FW_Diclofenac=10-100),P(API_RQ_FW_Diclofenac=100-1000),P(API_RQ_FW_Diclofenac=1000-10000),P(API_RQ_FW_Diclofenac=10000-inf),P(API_RQ_FW_Ibuprofen=0-1),P(API_RQ_FW_Ibuprofen=1-10),P(API_RQ_FW_Ibuprofen=10-100),P(API_RQ_FW_Ibuprofen=100-1000),P(API_RQ_FW_Ibuprofen=1000-10000),P(API_RQ_FW_Ibuprofen=10000-inf),P(API_RQ_FW_Paracetamol=0-1),P(API_RQ_FW_Paracetamol=1-10),P(API_RQ_FW_Paracetamol=10-100),P(API_RQ_FW_Paracetamol=100-1000),P(API_RQ_FW_Paracetamol=1000-10000),P(API_RQ_FW_Paracetamol=10000-inf),P(API_RQ_FW_Ciprofloxacin=0-1),P(API_RQ_FW_Ciprofloxacin=1-10),P(API_RQ_FW_Ciprofloxacin=10-100),P(API_RQ_FW_Ciprofloxacin=100-1000),P(API_RQ_FW_Ciprofloxacin=1000-10000),P(API_RQ_FW_Ciprofloxacin=10000-inf),P(SumRQ_Estrogens=0-1),P(SumRQ_Estrogens=1-10),P(SumRQ_Estrogens=10-100),P(SumRQ_Estrogens=100-1000),P(SumRQ_Estrogens=1000-10000),P(SumRQ_Estrogens=10000-inf),P(SumRQ_Antibiotics=0-1),P(SumRQ_Antibiotics=1-10),P(SumRQ_Antibiotics=10-100),P(SumRQ_Antibiotics=100-1000),P(SumRQ_Antibiotics=1000-10000),P(SumRQ_Antibiotics=10000-inf),P(SumRQ_Painkillers=0-1),P(SumRQ_Painkillers=1-10),P(SumRQ_Painkillers=10-100),P(SumRQ_Painkillers=100-1000),P(SumRQ_Painkillers=1000-10000),P(SumRQ_Painkillers=10000-inf),P(SumRQ_Total=0-1),P(SumRQ_Total=1-10),P(SumRQ_Total=10-100),P(SumRQ_Total=100-1000),P(SumRQ_Total=1000-10000),P(SumRQ_Total=10000-inf),P(PRQ_1_Estrogens=true),P(PRQ_1_Estrogens=false),P(PRQ_1_Antibiotics=true),P(PRQ_1_Antibiotics=false),P(PRQ_1_Painkillers=true),P(PRQ_1_Painkillers=false),P(PRQ_1_Total=true),P(PRQ_1_Total=false)
Low,2020,Compliance,Agder,ethinylestradiol,estriol,diclofenac,ciprofloxacin,paracetamol,ibuprofen,,,,,,,,,,,,,,,,,,,,,,,,,,,,,,,,,,,,,,,,,,,,,,,,,,,,,,,,,,,,,,,,,,,,
Low,2020,Compliance,Innlandet,ethinylestradiol,estriol,diclofenac,ciprofloxacin,paracetamol,ibuprofen,,,,,,,,,,,,,,,,,,,,,,,,,,,,,,,,,,,,,,,,,,,,,,,,,,,,,,,,,,,,,,,,,,,,
Low,2020,Compliance,Møre og Romsdal,ethinylestradiol,estriol,diclofenac,ciprofloxacin,paracetamol,ibuprofen,,,,,,,,,,,,,,,,,,,,,,,,,,,,,,,,,,,,,,,,,,,,,,,,,,,,,,,,,,,,,,,,,,,,
Low,2020,Compliance,Nordland,ethinylestradiol,estriol,diclofenac,ciprofloxacin,paracetamol,ibuprofen,,,,,,,,,,,,,,,,,,,,,,,,,,,,,,,,,,,,,,,,,,,,,,,,,,,,,,,,,,,,,,,,,,,,
Low,2020,Compliance,Oslo,ethinylestradiol,estriol,diclofenac,ciprofloxacin,paracetamol,ibuprofen,,,,,,,,,,,,,,,,,,,,,,,,,,,,,,,,,,,,,,,,,,,,,,,,,,,,,,,,,,,,,,,,,,,,
Low,2020,Compliance,Rogaland,ethinylestradiol,estriol,diclofenac,ciprofloxacin,paracetamol,ibuprofen,,,,,,,,,,,,,,,,,,,,,,,,,,,,,,,,,,,,,,,,,,,,,,,,,,,,,,,,,,,,,,,,,,,,
Low,2020,Compliance,Troms og Finnmark,ethinylestradiol,estriol,diclofenac,ciprofloxacin,paracetamol,ibuprofen,,,,,,,,,,,,,,,,,,,,,,,,,,,,,,,,,,,,,,,,,,,,,,,,,,,,,,,,,,,,,,,,,,,,
Low,2020,Compliance,Trøndelag,ethinylestradiol,estriol,diclofenac,ciprofloxacin,paracetamol,ibuprofen,,,,,,,,,,,,,,,,,,,,,,,,,,,,,,,,,,,,,,,,,,,,,,,,,,,,,,,,,,,,,,,,,,,,
Low,2020,Compliance,Vestfold og Telemark,ethinylestradiol,estriol,diclofenac,ciprofloxacin,paracetamol,ibuprofen,,,,,,,,,,,,,,,,,,,,,,,,,,,,,,,,,,,,,,,,,,,,,,,,,,,,,,,,,,,,,,,,,,,,
Low,2020,Compliance,Vestland,ethinylestradiol,estriol,diclofenac,ciprofloxacin,paracetamol,ibuprofen,,,,,,,,,,,,,,,,,,,,,,,,,,,,,,,,,,,,,,,,,,,,,,,,,,,,,,,,,,,,,,,,,,,,
Low,2020,Compliance,Viken,ethinylestradiol,estriol,diclofenac,ciprofloxacin,paracetamol,ibuprofen,,,,,,,,,,,,,,,,,,,,,,,,,,,,,,,,,,,,,,,,,,,,,,,,,,,,,,,,,,,,,,,,,,,,
Low,2020,Current,Agder,ethinylestradiol,estriol,diclofenac,ciprofloxacin,paracetamol,ibuprofen,,,,,,,,,,,,,,,,,,,,,,,,,,,,,,,,,,,,,,,,,,,,,,,,,,,,,,,,,,,,,,,,,,,,
Low,2020,Current,Innlandet,ethinylestradiol,estriol,diclofenac,ciprofloxacin,paracetamol,ibuprofen,,,,,,,,,,,,,,,,,,,,,,,,,,,,,,,,,,,,,,,,,,,,,,,,,,,,,,,,,,,,,,,,,,,,
Low,2020,Current,Møre og Romsdal,ethinylestradiol,estriol,diclofenac,ciprofloxacin,paracetamol,ibuprofen,,,,,,,,,,,,,,,,,,,,,,,,,,,,,,,,,,,,,,,,,,,,,,,,,,,,,,,,,,,,,,,,,,,,
Low,2020,Current,Nordland,ethinylestradiol,estriol,diclofenac,ciprofloxacin,paracetamol,ibuprofen,,,,,,,,,,,,,,,,,,,,,,,,,,,,,,,,,,,,,,,,,,,,,,,,,,,,,,,,,,,,,,,,,,,,
Low,2020,Current,Oslo,ethinylestradiol,estriol,diclofenac,ciprofloxacin,paracetamol,ibuprofen,,,,,,,,,,,,,,,,,,,,,,,,,,,,,,,,,,,,,,,,,,,,,,,,,,,,,,,,,,,,,,,,,,,,
Low,2020,Current,Rogaland,ethinylestradiol,estriol,diclofenac,ciprofloxacin,paracetamol,ibuprofen,,,,,,,,,,,,,,,,,,,,,,,,,,,,,,,,,,,,,,,,,,,,,,,,,,,,,,,,,,,,,,,,,,,,
Low,2020,Current,Troms og Finnmark,ethinylestradiol,estriol,diclofenac,ciprofloxacin,paracetamol,ibuprofen,,,,,,,,,,,,,,,,,,,,,,,,,,,,,,,,,,,,,,,,,,,,,,,,,,,,,,,,,,,,,,,,,,,,
Low,2020,Current,Trøndelag,ethinylestradiol,estriol,diclofenac,ciprofloxacin,paracetamol,ibuprofen,,,,,,,,,,,,,,,,,,,,,,,,,,,,,,,,,,,,,,,,,,,,,,,,,,,,,,,,,,,,,,,,,,,,
Low,2020,Current,Vestfold og Telemark,ethinylestradiol,estriol,diclofenac,ciprofloxacin,paracetamol,ibuprofen,,,,,,,,,,,,,,,,,,,,,,,,,,,,,,,,,,,,,,,,,,,,,,,,,,,,,,,,,,,,,,,,,,,,
Low,2020,Current,Vestland,ethinylestradiol,estriol,diclofenac,ciprofloxacin,paracetamol,ibuprofen,,,,,,,,,,,,,,,,,,,,,,,,,,,,,,,,,,,,,,,,,,,,,,,,,,,,,,,,,,,,,,,,,,,,
Low,2020,Current,Viken,ethinylestradiol,estriol,diclofenac,ciprofloxacin,paracetamol,ibuprofen,,,,,,,,,,,,,,,,,,,,,,,,,,,,,,,,,,,,,,,,,,,,,,,,,,,,,,,,,,,,,,,,,,,,
Low,2020,Upgrade,Agder,ethinylestradiol,estriol,diclofenac,ciprofloxacin,paracetamol,ibuprofen,,,,,,,,,,,,,,,,,,,,,,,,,,,,,,,,,,,,,,,,,,,,,,,,,,,,,,,,,,,,,,,,,,,,
Low,2020,Upgrade,Innlandet,ethinylestradiol,estriol,diclofenac,ciprofloxacin,paracetamol,ibuprofen,,,,,,,,,,,,,,,,,,,,,,,,,,,,,,,,,,,,,,,,,,,,,,,,,,,,,,,,,,,,,,,,,,,,
Low,2020,Upgrade,Møre og Romsdal,ethinylestradiol,estriol,diclofenac,ciprofloxacin,paracetamol,ibuprofen,,,,,,,,,,,,,,,,,,,,,,,,,,,,,,,,,,,,,,,,,,,,,,,,,,,,,,,,,,,,,,,,,,,,
Low,2020,Upgrade,Nordland,ethinylestradiol,estriol,diclofenac,ciprofloxacin,paracetamol,ibuprofen,,,,,,,,,,,,,,,,,,,,,,,,,,,,,,,,,,,,,,,,,,,,,,,,,,,,,,,,,,,,,,,,,,,,
Low,2020,Upgrade,Oslo,ethinylestradiol,estriol,diclofenac,ciprofloxacin,paracetamol,ibuprofen,,,,,,,,,,,,,,,,,,,,,,,,,,,,,,,,,,,,,,,,,,,,,,,,,,,,,,,,,,,,,,,,,,,,
Low,2020,Upgrade,Rogaland,ethinylestradiol,estriol,diclofenac,ciprofloxacin,paracetamol,ibuprofen,,,,,,,,,,,,,,,,,,,,,,,,,,,,,,,,,,,,,,,,,,,,,,,,,,,,,,,,,,,,,,,,,,,,
Low,2020,Upgrade,Troms og Finnmark,ethinylestradiol,estriol,diclofenac,ciprofloxacin,paracetamol,ibuprofen,,,,,,,,,,,,,,,,,,,,,,,,,,,,,,,,,,,,,,,,,,,,,,,,,,,,,,,,,,,,,,,,,,,,
Low,2020,Upgrade,Trøndelag,ethinylestradiol,estriol,diclofenac,ciprofloxacin,paracetamol,ibuprofen,,,,,,,,,,,,,,,,,,,,,,,,,,,,,,,,,,,,,,,,,,,,,,,,,,,,,,,,,,,,,,,,,,,,
Low,2020,Upgrade,Vestfold og Telemark,ethinylestradiol,estriol,diclofenac,ciprofloxacin,paracetamol,ibuprofen,,,,,,,,,,,,,,,,,,,,,,,,,,,,,,,,,,,,,,,,,,,,,,,,,,,,,,,,,,,,,,,,,,,,
Low,2020,Upgrade,Vestland,ethinylestradiol,estriol,diclofenac,ciprofloxacin,paracetamol,ibuprofen,,,,,,,,,,,,,,,,,,,,,,,,,,,,,,,,,,,,,,,,,,,,,,,,,,,,,,,,,,,,,,,,,,,,
Low,2020,Upgrade,Viken,ethinylestradiol,estriol,diclofenac,ciprofloxacin,paracetamol,ibuprofen,,,,,,,,,,,,,,,,,,,,,,,,,,,,,,,,,,,,,,,,,,,,,,,,,,,,,,,,,,,,,,,,,,,,
Low,2050,Compliance,Agder,ethinylestradiol,estriol,diclofenac,ciprofloxacin,paracetamol,ibuprofen,,,,,,,,,,,,,,,,,,,,,,,,,,,,,,,,,,,,,,,,,,,,,,,,,,,,,,,,,,,,,,,,,,,,
Low,2050,Compliance,Innlandet,ethinylestradiol,estriol,diclofenac,ciprofloxacin,paracetamol,ibuprofen,,,,,,,,,,,,,,,,,,,,,,,,,,,,,,,,,,,,,,,,,,,,,,,,,,,,,,,,,,,,,,,,,,,,
Low,2050,Compliance,Møre og Romsdal,ethinylestradiol,estriol,diclofenac,ciprofloxacin,paracetamol,ibuprofen,,,,,,,,,,,,,,,,,,,,,,,,,,,,,,,,,,,,,,,,,,,,,,,,,,,,,,,,,,,,,,,,,,,,
Low,2050,Compliance,Nordland,ethinylestradiol,estriol,diclofenac,ciprofloxacin,paracetamol,ibuprofen,,,,,,,,,,,,,,,,,,,,,,,,,,,,,,,,,,,,,,,,,,,,,,,,,,,,,,,,,,,,,,,,,,,,
Low,2050,Compliance,Oslo,ethinylestradiol,estriol,diclofenac,ciprofloxacin,paracetamol,ibuprofen,,,,,,,,,,,,,,,,,,,,,,,,,,,,,,,,,,,,,,,,,,,,,,,,,,,,,,,,,,,,,,,,,,,,
Low,2050,Compliance,Rogaland,ethinylestradiol,estriol,diclofenac,ciprofloxacin,paracetamol,ibuprofen,,,,,,,,,,,,,,,,,,,,,,,,,,,,,,,,,,,,,,,,,,,,,,,,,,,,,,,,,,,,,,,,,,,,
Low,2050,Compliance,Troms og Finnmark,ethinylestradiol,estriol,diclofenac,ciprofloxacin,paracetamol,ibuprofen,,,,,,,,,,,,,,,,,,,,,,,,,,,,,,,,,,,,,,,,,,,,,,,,,,,,,,,,,,,,,,,,,,,,
Low,2050,Compliance,Trøndelag,ethinylestradiol,estriol,diclofenac,ciprofloxacin,paracetamol,ibuprofen,,,,,,,,,,,,,,,,,,,,,,,,,,,,,,,,,,,,,,,,,,,,,,,,,,,,,,,,,,,,,,,,,,,,
Low,2050,Compliance,Vestfold og Telemark,ethinylestradiol,estriol,diclofenac,ciprofloxacin,paracetamol,ibuprofen,,,,,,,,,,,,,,,,,,,,,,,,,,,,,,,,,,,,,,,,,,,,,,,,,,,,,,,,,,,,,,,,,,,,
Low,2050,Compliance,Vestland,ethinylestradiol,estriol,diclofenac,ciprofloxacin,paracetamol,ibuprofen,,,,,,,,,,,,,,,,,,,,,,,,,,,,,,,,,,,,,,,,,,,,,,,,,,,,,,,,,,,,,,,,,,,,
Low,2050,Compliance,Viken,ethinylestradiol,estriol,diclofenac,ciprofloxacin,paracetamol,ibuprofen,,,,,,,,,,,,,,,,,,,,,,,,,,,,,,,,,,,,,,,,,,,,,,,,,,,,,,,,,,,,,,,,,,,,
Low,2050,Current,Agder,ethinylestradiol,estriol,diclofenac,ciprofloxacin,paracetamol,ibuprofen,,,,,,,,,,,,,,,,,,,,,,,,,,,,,,,,,,,,,,,,,,,,,,,,,,,,,,,,,,,,,,,,,,,,
Low,2050,Current,Innlandet,ethinylestradiol,estriol,diclofenac,ciprofloxacin,paracetamol,ibuprofen,,,,,,,,,,,,,,,,,,,,,,,,,,,,,,,,,,,,,,,,,,,,,,,,,,,,,,,,,,,,,,,,,,,,
Low,2050,Current,Møre og Romsdal,ethinylestradiol,estriol,diclofenac,ciprofloxacin,paracetamol,ibuprofen,,,,,,,,,,,,,,,,,,,,,,,,,,,,,,,,,,,,,,,,,,,,,,,,,,,,,,,,,,,,,,,,,,,,
Low,2050,Current,Nordland,ethinylestradiol,estriol,diclofenac,ciprofloxacin,paracetamol,ibuprofen,,,,,,,,,,,,,,,,,,,,,,,,,,,,,,,,,,,,,,,,,,,,,,,,,,,,,,,,,,,,,,,,,,,,
Low,2050,Current,Oslo,ethinylestradiol,estriol,diclofenac,ciprofloxacin,paracetamol,ibuprofen,,,,,,,,,,,,,,,,,,,,,,,,,,,,,,,,,,,,,,,,,,,,,,,,,,,,,,,,,,,,,,,,,,,,
Low,2050,Current,Rogaland,ethinylestradiol,estriol,diclofenac,ciprofloxacin,paracetamol,ibuprofen,,,,,,,,,,,,,,,,,,,,,,,,,,,,,,,,,,,,,,,,,,,,,,,,,,,,,,,,,,,,,,,,,,,,
Low,2050,Current,Troms og Finnmark,ethinylestradiol,estriol,diclofenac,ciprofloxacin,paracetamol,ibuprofen,,,,,,,,,,,,,,,,,,,,,,,,,,,,,,,,,,,,,,,,,,,,,,,,,,,,,,,,,,,,,,,,,,,,
Low,2050,Current,Trøndelag,ethinylestradiol,estriol,diclofenac,ciprofloxacin,paracetamol,ibuprofen,,,,,,,,,,,,,,,,,,,,,,,,,,,,,,,,,,,,,,,,,,,,,,,,,,,,,,,,,,,,,,,,,,,,
Low,2050,Current,Vestfold og Telemark,ethinylestradiol,estriol,diclofenac,ciprofloxacin,paracetamol,ibuprofen,,,,,,,,,,,,,,,,,,,,,,,,,,,,,,,,,,,,,,,,,,,,,,,,,,,,,,,,,,,,,,,,,,,,
Low,2050,Current,Vestland,ethinylestradiol,estriol,diclofenac,ciprofloxacin,paracetamol,ibuprofen,,,,,,,,,,,,,,,,,,,,,,,,,,,,,,,,,,,,,,,,,,,,,,,,,,,,,,,,,,,,,,,,,,,,
Low,2050,Current,Viken,ethinylestradiol,estriol,diclofenac,ciprofloxacin,paracetamol,ibuprofen,,,,,,,,,,,,,,,,,,,,,,,,,,,,,,,,,,,,,,,,,,,,,,,,,,,,,,,,,,,,,,,,,,,,
Low,2050,Upgrade,Agder,ethinylestradiol,estriol,diclofenac,ciprofloxacin,paracetamol,ibuprofen,,,,,,,,,,,,,,,,,,,,,,,,,,,,,,,,,,,,,,,,,,,,,,,,,,,,,,,,,,,,,,,,,,,,
Low,2050,Upgrade,Innlandet,ethinylestradiol,estriol,diclofenac,ciprofloxacin,paracetamol,ibuprofen,,,,,,,,,,,,,,,,,,,,,,,,,,,,,,,,,,,,,,,,,,,,,,,,,,,,,,,,,,,,,,,,,,,,
Low,2050,Upgrade,Møre og Romsdal,ethinylestradiol,estriol,diclofenac,ciprofloxacin,paracetamol,ibuprofen,,,,,,,,,,,,,,,,,,,,,,,,,,,,,,,,,,,,,,,,,,,,,,,,,,,,,,,,,,,,,,,,,,,,
Low,2050,Upgrade,Nordland,ethinylestradiol,estriol,diclofenac,ciprofloxacin,paracetamol,ibuprofen,,,,,,,,,,,,,,,,,,,,,,,,,,,,,,,,,,,,,,,,,,,,,,,,,,,,,,,,,,,,,,,,,,,,
Low,2050,Upgrade,Oslo,ethinylestradiol,estriol,diclofenac,ciprofloxacin,paracetamol,ibuprofen,,,,,,,,,,,,,,,,,,,,,,,,,,,,,,,,,,,,,,,,,,,,,,,,,,,,,,,,,,,,,,,,,,,,
Low,2050,Upgrade,Rogaland,ethinylestradiol,estriol,diclofenac,ciprofloxacin,paracetamol,ibuprofen,,,,,,,,,,,,,,,,,,,,,,,,,,,,,,,,,,,,,,,,,,,,,,,,,,,,,,,,,,,,,,,,,,,,
Low,2050,Upgrade,Troms og Finnmark,ethinylestradiol,estriol,diclofenac,ciprofloxacin,paracetamol,ibuprofen,,,,,,,,,,,,,,,,,,,,,,,,,,,,,,,,,,,,,,,,,,,,,,,,,,,,,,,,,,,,,,,,,,,,
Low,2050,Upgrade,Trøndelag,ethinylestradiol,estriol,diclofenac,ciprofloxacin,paracetamol,ibuprofen,,,,,,,,,,,,,,,,,,,,,,,,,,,,,,,,,,,,,,,,,,,,,,,,,,,,,,,,,,,,,,,,,,,,
Low,2050,Upgrade,Vestfold og Telemark,ethinylestradiol,estriol,diclofenac,ciprofloxacin,paracetamol,ibuprofen,,,,,,,,,,,,,,,,,,,,,,,,,,,,,,,,,,,,,,,,,,,,,,,,,,,,,,,,,,,,,,,,,,,,
Low,2050,Upgrade,Vestland,ethinylestradiol,estriol,diclofenac,ciprofloxacin,paracetamol,ibuprofen,,,,,,,,,,,,,,,,,,,,,,,,,,,,,,,,,,,,,,,,,,,,,,,,,,,,,,,,,,,,,,,,,,,,
Low,2050,Upgrade,Viken,ethinylestradiol,estriol,diclofenac,ciprofloxacin,paracetamol,ibuprofen,,,,,,,,,,,,,,,,,,,,,,,,,,,,,,,,,,,,,,,,,,,,,,,,,,,,,,,,,,,,,,,,,,,,
Main,2020,Compliance,Agder,ethinylestradiol,estriol,diclofenac,ciprofloxacin,paracetamol,ibuprofen,,,,,,,,,,,,,,,,,,,,,,,,,,,,,,,,,,,,,,,,,,,,,,,,,,,,,,,,,,,,,,,,,,,,
Main,2020,Compliance,Innlandet,ethinylestradiol,estriol,diclofenac,ciprofloxacin,paracetamol,ibuprofen,,,,,,,,,,,,,,,,,,,,,,,,,,,,,,,,,,,,,,,,,,,,,,,,,,,,,,,,,,,,,,,,,,,,
Main,2020,Compliance,Møre og Romsdal,ethinylestradiol,estriol,diclofenac,ciprofloxacin,paracetamol,ibuprofen,,,,,,,,,,,,,,,,,,,,,,,,,,,,,,,,,,,,,,,,,,,,,,,,,,,,,,,,,,,,,,,,,,,,
Main,2020,Compliance,Nordland,ethinylestradiol,estriol,diclofenac,ciprofloxacin,paracetamol,ibuprofen,,,,,,,,,,,,,,,,,,,,,,,,,,,,,,,,,,,,,,,,,,,,,,,,,,,,,,,,,,,,,,,,,,,,
Main,2020,Compliance,Oslo,ethinylestradiol,estriol,diclofenac,ciprofloxacin,paracetamol,ibuprofen,,,,,,,,,,,,,,,,,,,,,,,,,,,,,,,,,,,,,,,,,,,,,,,,,,,,,,,,,,,,,,,,,,,,
Main,2020,Compliance,Rogaland,ethinylestradiol,estriol,diclofenac,ciprofloxacin,paracetamol,ibuprofen,,,,,,,,,,,,,,,,,,,,,,,,,,,,,,,,,,,,,,,,,,,,,,,,,,,,,,,,,,,,,,,,,,,,
Main,2020,Compliance,Troms og Finnmark,ethinylestradiol,estriol,diclofenac,ciprofloxacin,paracetamol,ibuprofen,,,,,,,,,,,,,,,,,,,,,,,,,,,,,,,,,,,,,,,,,,,,,,,,,,,,,,,,,,,,,,,,,,,,
Main,2020,Compliance,Trøndelag,ethinylestradiol,estriol,diclofenac,ciprofloxacin,paracetamol,ibuprofen,,,,,,,,,,,,,,,,,,,,,,,,,,,,,,,,,,,,,,,,,,,,,,,,,,,,,,,,,,,,,,,,,,,,
Main,2020,Compliance,Vestfold og Telemark,ethinylestradiol,estriol,diclofenac,ciprofloxacin,paracetamol,ibuprofen,,,,,,,,,,,,,,,,,,,,,,,,,,,,,,,,,,,,,,,,,,,,,,,,,,,,,,,,,,,,,,,,,,,,
Main,2020,Compliance,Vestland,ethinylestradiol,estriol,diclofenac,ciprofloxacin,paracetamol,ibuprofen,,,,,,,,,,,,,,,,,,,,,,,,,,,,,,,,,,,,,,,,,,,,,,,,,,,,,,,,,,,,,,,,,,,,
Main,2020,Compliance,Viken,ethinylestradiol,estriol,diclofenac,ciprofloxacin,paracetamol,ibuprofen,,,,,,,,,,,,,,,,,,,,,,,,,,,,,,,,,,,,,,,,,,,,,,,,,,,,,,,,,,,,,,,,,,,,
Main,2020,Current,Agder,ethinylestradiol,estriol,diclofenac,ciprofloxacin,paracetamol,ibuprofen,,,,,,,,,,,,,,,,,,,,,,,,,,,,,,,,,,,,,,,,,,,,,,,,,,,,,,,,,,,,,,,,,,,,
Main,2020,Current,Innlandet,ethinylestradiol,estriol,diclofenac,ciprofloxacin,paracetamol,ibuprofen,,,,,,,,,,,,,,,,,,,,,,,,,,,,,,,,,,,,,,,,,,,,,,,,,,,,,,,,,,,,,,,,,,,,
Main,2020,Current,Møre og Romsdal,ethinylestradiol,estriol,diclofenac,ciprofloxacin,paracetamol,ibuprofen,,,,,,,,,,,,,,,,,,,,,,,,,,,,,,,,,,,,,,,,,,,,,,,,,,,,,,,,,,,,,,,,,,,,
Main,2020,Current,Nordland,ethinylestradiol,estriol,diclofenac,ciprofloxacin,paracetamol,ibuprofen,,,,,,,,,,,,,,,,,,,,,,,,,,,,,,,,,,,,,,,,,,,,,,,,,,,,,,,,,,,,,,,,,,,,
Main,2020,Current,Oslo,ethinylestradiol,estriol,diclofenac,ciprofloxacin,paracetamol,ibuprofen,,,,,,,,,,,,,,,,,,,,,,,,,,,,,,,,,,,,,,,,,,,,,,,,,,,,,,,,,,,,,,,,,,,,
Main,2020,Current,Rogaland,ethinylestradiol,estriol,diclofenac,ciprofloxacin,paracetamol,ibuprofen,,,,,,,,,,,,,,,,,,,,,,,,,,,,,,,,,,,,,,,,,,,,,,,,,,,,,,,,,,,,,,,,,,,,
Main,2020,Current,Troms og Finnmark,ethinylestradiol,estriol,diclofenac,ciprofloxacin,paracetamol,ibuprofen,,,,,,,,,,,,,,,,,,,,,,,,,,,,,,,,,,,,,,,,,,,,,,,,,,,,,,,,,,,,,,,,,,,,
Main,2020,Current,Trøndelag,ethinylestradiol,estriol,diclofenac,ciprofloxacin,paracetamol,ibuprofen,,,,,,,,,,,,,,,,,,,,,,,,,,,,,,,,,,,,,,,,,,,,,,,,,,,,,,,,,,,,,,,,,,,,
Main,2020,Current,Vestfold og Telemark,ethinylestradiol,estriol,diclofenac,ciprofloxacin,paracetamol,ibuprofen,,,,,,,,,,,,,,,,,,,,,,,,,,,,,,,,,,,,,,,,,,,,,,,,,,,,,,,,,,,,,,,,,,,,
Main,2020,Current,Vestland,ethinylestradiol,estriol,diclofenac,ciprofloxacin,paracetamol,ibuprofen,,,,,,,,,,,,,,,,,,,,,,,,,,,,,,,,,,,,,,,,,,,,,,,,,,,,,,,,,,,,,,,,,,,,
Main,2020,Current,Viken,ethinylestradiol,estriol,diclofenac,ciprofloxacin,paracetamol,ibuprofen,,,,,,,,,,,,,,,,,,,,,,,,,,,,,,,,,,,,,,,,,,,,,,,,,,,,,,,,,,,,,,,,,,,,
Main,2020,Upgrade,Agder,ethinylestradiol,estriol,diclofenac,ciprofloxacin,paracetamol,ibuprofen,,,,,,,,,,,,,,,,,,,,,,,,,,,,,,,,,,,,,,,,,,,,,,,,,,,,,,,,,,,,,,,,,,,,
Main,2020,Upgrade,Innlandet,ethinylestradiol,estriol,diclofenac,ciprofloxacin,paracetamol,ibuprofen,,,,,,,,,,,,,,,,,,,,,,,,,,,,,,,,,,,,,,,,,,,,,,,,,,,,,,,,,,,,,,,,,,,,
Main,2020,Upgrade,Møre og Romsdal,ethinylestradiol,estriol,diclofenac,ciprofloxacin,paracetamol,ibuprofen,,,,,,,,,,,,,,,,,,,,,,,,,,,,,,,,,,,,,,,,,,,,,,,,,,,,,,,,,,,,,,,,,,,,
Main,2020,Upgrade,Nordland,ethinylestradiol,estriol,diclofenac,ciprofloxacin,paracetamol,ibuprofen,,,,,,,,,,,,,,,,,,,,,,,,,,,,,,,,,,,,,,,,,,,,,,,,,,,,,,,,,,,,,,,,,,,,
Main,2020,Upgrade,Oslo,ethinylestradiol,estriol,diclofenac,ciprofloxacin,paracetamol,ibuprofen,,,,,,,,,,,,,,,,,,,,,,,,,,,,,,,,,,,,,,,,,,,,,,,,,,,,,,,,,,,,,,,,,,,,
Main,2020,Upgrade,Rogaland,ethinylestradiol,estriol,diclofenac,ciprofloxacin,paracetamol,ibuprofen,,,,,,,,,,,,,,,,,,,,,,,,,,,,,,,,,,,,,,,,,,,,,,,,,,,,,,,,,,,,,,,,,,,,
Main,2020,Upgrade,Troms og Finnmark,ethinylestradiol,estriol,diclofenac,ciprofloxacin,paracetamol,ibuprofen,,,,,,,,,,,,,,,,,,,,,,,,,,,,,,,,,,,,,,,,,,,,,,,,,,,,,,,,,,,,,,,,,,,,
Main,2020,Upgrade,Trøndelag,ethinylestradiol,estriol,diclofenac,ciprofloxacin,paracetamol,ibuprofen,,,,,,,,,,,,,,,,,,,,,,,,,,,,,,,,,,,,,,,,,,,,,,,,,,,,,,,,,,,,,,,,,,,,
Main,2020,Upgrade,Vestfold og Telemark,ethinylestradiol,estriol,diclofenac,ciprofloxacin,paracetamol,ibuprofen,,,,,,,,,,,,,,,,,,,,,,,,,,,,,,,,,,,,,,,,,,,,,,,,,,,,,,,,,,,,,,,,,,,,
Main,2020,Upgrade,Vestland,ethinylestradiol,estriol,diclofenac,ciprofloxacin,paracetamol,ibuprofen,,,,,,,,,,,,,,,,,,,,,,,,,,,,,,,,,,,,,,,,,,,,,,,,,,,,,,,,,,,,,,,,,,,,
Main,2020,Upgrade,Viken,ethinylestradiol,estriol,diclofenac,ciprofloxacin,paracetamol,ibuprofen,,,,,,,,,,,,,,,,,,,,,,,,,,,,,,,,,,,,,,,,,,,,,,,,,,,,,,,,,,,,,,,,,,,,
Main,2050,Compliance,Agder,ethinylestradiol,estriol,diclofenac,ciprofloxacin,paracetamol,ibuprofen,,,,,,,,,,,,,,,,,,,,,,,,,,,,,,,,,,,,,,,,,,,,,,,,,,,,,,,,,,,,,,,,,,,,
Main,2050,Compliance,Innlandet,ethinylestradiol,estriol,diclofenac,ciprofloxacin,paracetamol,ibuprofen,,,,,,,,,,,,,,,,,,,,,,,,,,,,,,,,,,,,,,,,,,,,,,,,,,,,,,,,,,,,,,,,,,,,
Main,2050,Compliance,Møre og Romsdal,ethinylestradiol,estriol,diclofenac,ciprofloxacin,paracetamol,ibuprofen,,,,,,,,,,,,,,,,,,,,,,,,,,,,,,,,,,,,,,,,,,,,,,,,,,,,,,,,,,,,,,,,,,,,
Main,2050,Compliance,Nordland,ethinylestradiol,estriol,diclofenac,ciprofloxacin,paracetamol,ibuprofen,,,,,,,,,,,,,,,,,,,,,,,,,,,,,,,,,,,,,,,,,,,,,,,,,,,,,,,,,,,,,,,,,,,,
Main,2050,Compliance,Oslo,ethinylestradiol,estriol,diclofenac,ciprofloxacin,paracetamol,ibuprofen,,,,,,,,,,,,,,,,,,,,,,,,,,,,,,,,,,,,,,,,,,,,,,,,,,,,,,,,,,,,,,,,,,,,
Main,2050,Compliance,Rogaland,ethinylestradiol,estriol,diclofenac,ciprofloxacin,paracetamol,ibuprofen,,,,,,,,,,,,,,,,,,,,,,,,,,,,,,,,,,,,,,,,,,,,,,,,,,,,,,,,,,,,,,,,,,,,
Main,2050,Compliance,Troms og Finnmark,ethinylestradiol,estriol,diclofenac,ciprofloxacin,paracetamol,ibuprofen,,,,,,,,,,,,,,,,,,,,,,,,,,,,,,,,,,,,,,,,,,,,,,,,,,,,,,,,,,,,,,,,,,,,
Main,2050,Compliance,Trøndelag,ethinylestradiol,estriol,diclofenac,ciprofloxacin,paracetamol,ibuprofen,,,,,,,,,,,,,,,,,,,,,,,,,,,,,,,,,,,,,,,,,,,,,,,,,,,,,,,,,,,,,,,,,,,,
Main,2050,Compliance,Vestfold og Telemark,ethinylestradiol,estriol,diclofenac,ciprofloxacin,paracetamol,ibuprofen,,,,,,,,,,,,,,,,,,,,,,,,,,,,,,,,,,,,,,,,,,,,,,,,,,,,,,,,,,,,,,,,,,,,
Main,2050,Compliance,Vestland,ethinylestradiol,estriol,diclofenac,ciprofloxacin,paracetamol,ibuprofen,,,,,,,,,,,,,,,,,,,,,,,,,,,,,,,,,,,,,,,,,,,,,,,,,,,,,,,,,,,,,,,,,,,,
Main,2050,Compliance,Viken,ethinylestradiol,estriol,diclofenac,ciprofloxacin,paracetamol,ibuprofen,,,,,,,,,,,,,,,,,,,,,,,,,,,,,,,,,,,,,,,,,,,,,,,,,,,,,,,,,,,,,,,,,,,,
Main,2050,Current,Agder,ethinylestradiol,estriol,diclofenac,ciprofloxacin,paracetamol,ibuprofen,,,,,,,,,,,,,,,,,,,,,,,,,,,,,,,,,,,,,,,,,,,,,,,,,,,,,,,,,,,,,,,,,,,,
Main,2050,Current,Innlandet,ethinylestradiol,estriol,diclofenac,ciprofloxacin,paracetamol,ibuprofen,,,,,,,,,,,,,,,,,,,,,,,,,,,,,,,,,,,,,,,,,,,,,,,,,,,,,,,,,,,,,,,,,,,,
Main,2050,Current,Møre og Romsdal,ethinylestradiol,estriol,diclofenac,ciprofloxacin,paracetamol,ibuprofen,,,,,,,,,,,,,,,,,,,,,,,,,,,,,,,,,,,,,,,,,,,,,,,,,,,,,,,,,,,,,,,,,,,,
Main,2050,Current,Nordland,ethinylestradiol,estriol,diclofenac,ciprofloxacin,paracetamol,ibuprofen,,,,,,,,,,,,,,,,,,,,,,,,,,,,,,,,,,,,,,,,,,,,,,,,,,,,,,,,,,,,,,,,,,,,
Main,2050,Current,Oslo,ethinylestradiol,estriol,diclofenac,ciprofloxacin,paracetamol,ibuprofen,,,,,,,,,,,,,,,,,,,,,,,,,,,,,,,,,,,,,,,,,,,,,,,,,,,,,,,,,,,,,,,,,,,,
Main,2050,Current,Rogaland,ethinylestradiol,estriol,diclofenac,ciprofloxacin,paracetamol,ibuprofen,,,,,,,,,,,,,,,,,,,,,,,,,,,,,,,,,,,,,,,,,,,,,,,,,,,,,,,,,,,,,,,,,,,,
Main,2050,Current,Troms og Finnmark,ethinylestradiol,estriol,diclofenac,ciprofloxacin,paracetamol,ibuprofen,,,,,,,,,,,,,,,,,,,,,,,,,,,,,,,,,,,,,,,,,,,,,,,,,,,,,,,,,,,,,,,,,,,,
Main,2050,Current,Trøndelag,ethinylestradiol,estriol,diclofenac,ciprofloxacin,paracetamol,ibuprofen,,,,,,,,,,,,,,,,,,,,,,,,,,,,,,,,,,,,,,,,,,,,,,,,,,,,,,,,,,,,,,,,,,,,
Main,2050,Current,Vestfold og Telemark,ethinylestradiol,estriol,diclofenac,ciprofloxacin,paracetamol,ibuprofen,,,,,,,,,,,,,,,,,,,,,,,,,,,,,,,,,,,,,,,,,,,,,,,,,,,,,,,,,,,,,,,,,,,,
Main,2050,Current,Vestland,ethinylestradiol,estriol,diclofenac,ciprofloxacin,paracetamol,ibuprofen,,,,,,,,,,,,,,,,,,,,,,,,,,,,,,,,,,,,,,,,,,,,,,,,,,,,,,,,,,,,,,,,,,,,
Main,2050,Current,Viken,ethinylestradiol,estriol,diclofenac,ciprofloxacin,paracetamol,ibuprofen,,,,,,,,,,,,,,,,,,,,,,,,,,,,,,,,,,,,,,,,,,,,,,,,,,,,,,,,,,,,,,,,,,,,
Main,2050,Upgrade,Agder,ethinylestradiol,estriol,diclofenac,ciprofloxacin,paracetamol,ibuprofen,,,,,,,,,,,,,,,,,,,,,,,,,,,,,,,,,,,,,,,,,,,,,,,,,,,,,,,,,,,,,,,,,,,,
Main,2050,Upgrade,Innlandet,ethinylestradiol,estriol,diclofenac,ciprofloxacin,paracetamol,ibuprofen,,,,,,,,,,,,,,,,,,,,,,,,,,,,,,,,,,,,,,,,,,,,,,,,,,,,,,,,,,,,,,,,,,,,
Main,2050,Upgrade,Møre og Romsdal,ethinylestradiol,estriol,diclofenac,ciprofloxacin,paracetamol,ibuprofen,,,,,,,,,,,,,,,,,,,,,,,,,,,,,,,,,,,,,,,,,,,,,,,,,,,,,,,,,,,,,,,,,,,,
Main,2050,Upgrade,Nordland,ethinylestradiol,estriol,diclofenac,ciprofloxacin,paracetamol,ibuprofen,,,,,,,,,,,,,,,,,,,,,,,,,,,,,,,,,,,,,,,,,,,,,,,,,,,,,,,,,,,,,,,,,,,,
Main,2050,Upgrade,Oslo,ethinylestradiol,estriol,diclofenac,ciprofloxacin,paracetamol,ibuprofen,,,,,,,,,,,,,,,,,,,,,,,,,,,,,,,,,,,,,,,,,,,,,,,,,,,,,,,,,,,,,,,,,,,,
Main,2050,Upgrade,Rogaland,ethinylestradiol,estriol,diclofenac,ciprofloxacin,paracetamol,ibuprofen,,,,,,,,,,,,,,,,,,,,,,,,,,,,,,,,,,,,,,,,,,,,,,,,,,,,,,,,,,,,,,,,,,,,
Main,2050,Upgrade,Troms og Finnmark,ethinylestradiol,estriol,diclofenac,ciprofloxacin,paracetamol,ibuprofen,,,,,,,,,,,,,,,,,,,,,,,,,,,,,,,,,,,,,,,,,,,,,,,,,,,,,,,,,,,,,,,,,,,,
Main,2050,Upgrade,Trøndelag,ethinylestradiol,estriol,diclofenac,ciprofloxacin,paracetamol,ibuprofen,,,,,,,,,,,,,,,,,,,,,,,,,,,,,,,,,,,,,,,,,,,,,,,,,,,,,,,,,,,,,,,,,,,,
Main,2050,Upgrade,Vestfold og Telemark,ethinylestradiol,estriol,diclofenac,ciprofloxacin,paracetamol,ibuprofen,,,,,,,,,,,,,,,,,,,,,,,,,,,,,,,,,,,,,,,,,,,,,,,,,,,,,,,,,,,,,,,,,,,,
Main,2050,Upgrade,Vestland,ethinylestradiol,estriol,diclofenac,ciprofloxacin,paracetamol,ibuprofen,,,,,,,,,,,,,,,,,,,,,,,,,,,,,,,,,,,,,,,,,,,,,,,,,,,,,,,,,,,,,,,,,,,,
Main,2050,Upgrade,Viken,ethinylestradiol,estriol,diclofenac,ciprofloxacin,paracetamol,ibuprofen,,,,,,,,,,,,,,,,,,,,,,,,,,,,,,,,,,,,,,,,,,,,,,,,,,,,,,,,,,,,,,,,,,,,
High,2020,Compliance,Agder,ethinylestradiol,estriol,diclofenac,ciprofloxacin,paracetamol,ibuprofen,,,,,,,,,,,,,,,,,,,,,,,,,,,,,,,,,,,,,,,,,,,,,,,,,,,,,,,,,,,,,,,,,,,,
High,2020,Compliance,Innlandet,ethinylestradiol,estriol,diclofenac,ciprofloxacin,paracetamol,ibuprofen,,,,,,,,,,,,,,,,,,,,,,,,,,,,,,,,,,,,,,,,,,,,,,,,,,,,,,,,,,,,,,,,,,,,
High,2020,Compliance,Møre og Romsdal,ethinylestradiol,estriol,diclofenac,ciprofloxacin,paracetamol,ibuprofen,,,,,,,,,,,,,,,,,,,,,,,,,,,,,,,,,,,,,,,,,,,,,,,,,,,,,,,,,,,,,,,,,,,,
High,2020,Compliance,Nordland,ethinylestradiol,estriol,diclofenac,ciprofloxacin,paracetamol,ibuprofen,,,,,,,,,,,,,,,,,,,,,,,,,,,,,,,,,,,,,,,,,,,,,,,,,,,,,,,,,,,,,,,,,,,,
High,2020,Compliance,Oslo,ethinylestradiol,estriol,diclofenac,ciprofloxacin,paracetamol,ibuprofen,,,,,,,,,,,,,,,,,,,,,,,,,,,,,,,,,,,,,,,,,,,,,,,,,,,,,,,,,,,,,,,,,,,,
High,2020,Compliance,Rogaland,ethinylestradiol,estriol,diclofenac,ciprofloxacin,paracetamol,ibuprofen,,,,,,,,,,,,,,,,,,,,,,,,,,,,,,,,,,,,,,,,,,,,,,,,,,,,,,,,,,,,,,,,,,,,
High,2020,Compliance,Troms og Finnmark,ethinylestradiol,estriol,diclofenac,ciprofloxacin,paracetamol,ibuprofen,,,,,,,,,,,,,,,,,,,,,,,,,,,,,,,,,,,,,,,,,,,,,,,,,,,,,,,,,,,,,,,,,,,,
High,2020,Compliance,Trøndelag,ethinylestradiol,estriol,diclofenac,ciprofloxacin,paracetamol,ibuprofen,,,,,,,,,,,,,,,,,,,,,,,,,,,,,,,,,,,,,,,,,,,,,,,,,,,,,,,,,,,,,,,,,,,,
High,2020,Compliance,Vestfold og Telemark,ethinylestradiol,estriol,diclofenac,ciprofloxacin,paracetamol,ibuprofen,,,,,,,,,,,,,,,,,,,,,,,,,,,,,,,,,,,,,,,,,,,,,,,,,,,,,,,,,,,,,,,,,,,,
High,2020,Compliance,Vestland,ethinylestradiol,estriol,diclofenac,ciprofloxacin,paracetamol,ibuprofen,,,,,,,,,,,,,,,,,,,,,,,,,,,,,,,,,,,,,,,,,,,,,,,,,,,,,,,,,,,,,,,,,,,,
High,2020,Compliance,Viken,ethinylestradiol,estriol,diclofenac,ciprofloxacin,paracetamol,ibuprofen,,,,,,,,,,,,,,,,,,,,,,,,,,,,,,,,,,,,,,,,,,,,,,,,,,,,,,,,,,,,,,,,,,,,
High,2020,Current,Agder,ethinylestradiol,estriol,diclofenac,ciprofloxacin,paracetamol,ibuprofen,,,,,,,,,,,,,,,,,,,,,,,,,,,,,,,,,,,,,,,,,,,,,,,,,,,,,,,,,,,,,,,,,,,,
High,2020,Current,Innlandet,ethinylestradiol,estriol,diclofenac,ciprofloxacin,paracetamol,ibuprofen,,,,,,,,,,,,,,,,,,,,,,,,,,,,,,,,,,,,,,,,,,,,,,,,,,,,,,,,,,,,,,,,,,,,
High,2020,Current,Møre og Romsdal,ethinylestradiol,estriol,diclofenac,ciprofloxacin,paracetamol,ibuprofen,,,,,,,,,,,,,,,,,,,,,,,,,,,,,,,,,,,,,,,,,,,,,,,,,,,,,,,,,,,,,,,,,,,,
High,2020,Current,Nordland,ethinylestradiol,estriol,diclofenac,ciprofloxacin,paracetamol,ibuprofen,,,,,,,,,,,,,,,,,,,,,,,,,,,,,,,,,,,,,,,,,,,,,,,,,,,,,,,,,,,,,,,,,,,,
High,2020,Current,Oslo,ethinylestradiol,estriol,diclofenac,ciprofloxacin,paracetamol,ibuprofen,,,,,,,,,,,,,,,,,,,,,,,,,,,,,,,,,,,,,,,,,,,,,,,,,,,,,,,,,,,,,,,,,,,,
High,2020,Current,Rogaland,ethinylestradiol,estriol,diclofenac,ciprofloxacin,paracetamol,ibuprofen,,,,,,,,,,,,,,,,,,,,,,,,,,,,,,,,,,,,,,,,,,,,,,,,,,,,,,,,,,,,,,,,,,,,
High,2020,Current,Troms og Finnmark,ethinylestradiol,estriol,diclofenac,ciprofloxacin,paracetamol,ibuprofen,,,,,,,,,,,,,,,,,,,,,,,,,,,,,,,,,,,,,,,,,,,,,,,,,,,,,,,,,,,,,,,,,,,,
High,2020,Current,Trøndelag,ethinylestradiol,estriol,diclofenac,ciprofloxacin,paracetamol,ibuprofen,,,,,,,,,,,,,,,,,,,,,,,,,,,,,,,,,,,,,,,,,,,,,,,,,,,,,,,,,,,,,,,,,,,,
High,2020,Current,Vestfold og Telemark,ethinylestradiol,estriol,diclofenac,ciprofloxacin,paracetamol,ibuprofen,,,,,,,,,,,,,,,,,,,,,,,,,,,,,,,,,,,,,,,,,,,,,,,,,,,,,,,,,,,,,,,,,,,,
High,2020,Current,Vestland,ethinylestradiol,estriol,diclofenac,ciprofloxacin,paracetamol,ibuprofen,,,,,,,,,,,,,,,,,,,,,,,,,,,,,,,,,,,,,,,,,,,,,,,,,,,,,,,,,,,,,,,,,,,,
High,2020,Current,Viken,ethinylestradiol,estriol,diclofenac,ciprofloxacin,paracetamol,ibuprofen,,,,,,,,,,,,,,,,,,,,,,,,,,,,,,,,,,,,,,,,,,,,,,,,,,,,,,,,,,,,,,,,,,,,
High,2020,Upgrade,Agder,ethinylestradiol,estriol,diclofenac,ciprofloxacin,paracetamol,ibuprofen,,,,,,,,,,,,,,,,,,,,,,,,,,,,,,,,,,,,,,,,,,,,,,,,,,,,,,,,,,,,,,,,,,,,
High,2020,Upgrade,Innlandet,ethinylestradiol,estriol,diclofenac,ciprofloxacin,paracetamol,ibuprofen,,,,,,,,,,,,,,,,,,,,,,,,,,,,,,,,,,,,,,,,,,,,,,,,,,,,,,,,,,,,,,,,,,,,
High,2020,Upgrade,Møre og Romsdal,ethinylestradiol,estriol,diclofenac,ciprofloxacin,paracetamol,ibuprofen,,,,,,,,,,,,,,,,,,,,,,,,,,,,,,,,,,,,,,,,,,,,,,,,,,,,,,,,,,,,,,,,,,,,
High,2020,Upgrade,Nordland,ethinylestradiol,estriol,diclofenac,ciprofloxacin,paracetamol,ibuprofen,,,,,,,,,,,,,,,,,,,,,,,,,,,,,,,,,,,,,,,,,,,,,,,,,,,,,,,,,,,,,,,,,,,,
High,2020,Upgrade,Oslo,ethinylestradiol,estriol,diclofenac,ciprofloxacin,paracetamol,ibuprofen,,,,,,,,,,,,,,,,,,,,,,,,,,,,,,,,,,,,,,,,,,,,,,,,,,,,,,,,,,,,,,,,,,,,
High,2020,Upgrade,Rogaland,ethinylestradiol,estriol,diclofenac,ciprofloxacin,paracetamol,ibuprofen,,,,,,,,,,,,,,,,,,,,,,,,,,,,,,,,,,,,,,,,,,,,,,,,,,,,,,,,,,,,,,,,,,,,
High,2020,Upgrade,Troms og Finnmark,ethinylestradiol,estriol,diclofenac,ciprofloxacin,paracetamol,ibuprofen,,,,,,,,,,,,,,,,,,,,,,,,,,,,,,,,,,,,,,,,,,,,,,,,,,,,,,,,,,,,,,,,,,,,
High,2020,Upgrade,Trøndelag,ethinylestradiol,estriol,diclofenac,ciprofloxacin,paracetamol,ibuprofen,,,,,,,,,,,,,,,,,,,,,,,,,,,,,,,,,,,,,,,,,,,,,,,,,,,,,,,,,,,,,,,,,,,,
High,2020,Upgrade,Vestfold og Telemark,ethinylestradiol,estriol,diclofenac,ciprofloxacin,paracetamol,ibuprofen,,,,,,,,,,,,,,,,,,,,,,,,,,,,,,,,,,,,,,,,,,,,,,,,,,,,,,,,,,,,,,,,,,,,
High,2020,Upgrade,Vestland,ethinylestradiol,estriol,diclofenac,ciprofloxacin,paracetamol,ibuprofen,,,,,,,,,,,,,,,,,,,,,,,,,,,,,,,,,,,,,,,,,,,,,,,,,,,,,,,,,,,,,,,,,,,,
High,2020,Upgrade,Viken,ethinylestradiol,estriol,diclofenac,ciprofloxacin,paracetamol,ibuprofen,,,,,,,,,,,,,,,,,,,,,,,,,,,,,,,,,,,,,,,,,,,,,,,,,,,,,,,,,,,,,,,,,,,,
High,2050,Compliance,Agder,ethinylestradiol,estriol,diclofenac,ciprofloxacin,paracetamol,ibuprofen,,,,,,,,,,,,,,,,,,,,,,,,,,,,,,,,,,,,,,,,,,,,,,,,,,,,,,,,,,,,,,,,,,,,
High,2050,Compliance,Innlandet,ethinylestradiol,estriol,diclofenac,ciprofloxacin,paracetamol,ibuprofen,,,,,,,,,,,,,,,,,,,,,,,,,,,,,,,,,,,,,,,,,,,,,,,,,,,,,,,,,,,,,,,,,,,,
High,2050,Compliance,Møre og Romsdal,ethinylestradiol,estriol,diclofenac,ciprofloxacin,paracetamol,ibuprofen,,,,,,,,,,,,,,,,,,,,,,,,,,,,,,,,,,,,,,,,,,,,,,,,,,,,,,,,,,,,,,,,,,,,
High,2050,Compliance,Nordland,ethinylestradiol,estriol,diclofenac,ciprofloxacin,paracetamol,ibuprofen,,,,,,,,,,,,,,,,,,,,,,,,,,,,,,,,,,,,,,,,,,,,,,,,,,,,,,,,,,,,,,,,,,,,
High,2050,Compliance,Oslo,ethinylestradiol,estriol,diclofenac,ciprofloxacin,paracetamol,ibuprofen,,,,,,,,,,,,,,,,,,,,,,,,,,,,,,,,,,,,,,,,,,,,,,,,,,,,,,,,,,,,,,,,,,,,
High,2050,Compliance,Rogaland,ethinylestradiol,estriol,diclofenac,ciprofloxacin,paracetamol,ibuprofen,,,,,,,,,,,,,,,,,,,,,,,,,,,,,,,,,,,,,,,,,,,,,,,,,,,,,,,,,,,,,,,,,,,,
High,2050,Compliance,Troms og Finnmark,ethinylestradiol,estriol,diclofenac,ciprofloxacin,paracetamol,ibuprofen,,,,,,,,,,,,,,,,,,,,,,,,,,,,,,,,,,,,,,,,,,,,,,,,,,,,,,,,,,,,,,,,,,,,
High,2050,Compliance,Trøndelag,ethinylestradiol,estriol,diclofenac,ciprofloxacin,paracetamol,ibuprofen,,,,,,,,,,,,,,,,,,,,,,,,,,,,,,,,,,,,,,,,,,,,,,,,,,,,,,,,,,,,,,,,,,,,
High,2050,Compliance,Vestfold og Telemark,ethinylestradiol,estriol,diclofenac,ciprofloxacin,paracetamol,ibuprofen,,,,,,,,,,,,,,,,,,,,,,,,,,,,,,,,,,,,,,,,,,,,,,,,,,,,,,,,,,,,,,,,,,,,
High,2050,Compliance,Vestland,ethinylestradiol,estriol,diclofenac,ciprofloxacin,paracetamol,ibuprofen,,,,,,,,,,,,,,,,,,,,,,,,,,,,,,,,,,,,,,,,,,,,,,,,,,,,,,,,,,,,,,,,,,,,
High,2050,Compliance,Viken,ethinylestradiol,estriol,diclofenac,ciprofloxacin,paracetamol,ibuprofen,,,,,,,,,,,,,,,,,,,,,,,,,,,,,,,,,,,,,,,,,,,,,,,,,,,,,,,,,,,,,,,,,,,,
High,2050,Current,Agder,ethinylestradiol,estriol,diclofenac,ciprofloxacin,paracetamol,ibuprofen,,,,,,,,,,,,,,,,,,,,,,,,,,,,,,,,,,,,,,,,,,,,,,,,,,,,,,,,,,,,,,,,,,,,
High,2050,Current,Innlandet,ethinylestradiol,estriol,diclofenac,ciprofloxacin,paracetamol,ibuprofen,,,,,,,,,,,,,,,,,,,,,,,,,,,,,,,,,,,,,,,,,,,,,,,,,,,,,,,,,,,,,,,,,,,,
High,2050,Current,Møre og Romsdal,ethinylestradiol,estriol,diclofenac,ciprofloxacin,paracetamol,ibuprofen,,,,,,,,,,,,,,,,,,,,,,,,,,,,,,,,,,,,,,,,,,,,,,,,,,,,,,,,,,,,,,,,,,,,
High,2050,Current,Nordland,ethinylestradiol,estriol,diclofenac,ciprofloxacin,paracetamol,ibuprofen,,,,,,,,,,,,,,,,,,,,,,,,,,,,,,,,,,,,,,,,,,,,,,,,,,,,,,,,,,,,,,,,,,,,
High,2050,Current,Oslo,ethinylestradiol,estriol,diclofenac,ciprofloxacin,paracetamol,ibuprofen,,,,,,,,,,,,,,,,,,,,,,,,,,,,,,,,,,,,,,,,,,,,,,,,,,,,,,,,,,,,,,,,,,,,
High,2050,Current,Rogaland,ethinylestradiol,estriol,diclofenac,ciprofloxacin,paracetamol,ibuprofen,,,,,,,,,,,,,,,,,,,,,,,,,,,,,,,,,,,,,,,,,,,,,,,,,,,,,,,,,,,,,,,,,,,,
High,2050,Current,Troms og Finnmark,ethinylestradiol,estriol,diclofenac,ciprofloxacin,paracetamol,ibuprofen,,,,,,,,,,,,,,,,,,,,,,,,,,,,,,,,,,,,,,,,,,,,,,,,,,,,,,,,,,,,,,,,,,,,
High,2050,Current,Trøndelag,ethinylestradiol,estriol,diclofenac,ciprofloxacin,paracetamol,ibuprofen,,,,,,,,,,,,,,,,,,,,,,,,,,,,,,,,,,,,,,,,,,,,,,,,,,,,,,,,,,,,,,,,,,,,
High,2050,Current,Vestfold og Telemark,ethinylestradiol,estriol,diclofenac,ciprofloxacin,paracetamol,ibuprofen,,,,,,,,,,,,,,,,,,,,,,,,,,,,,,,,,,,,,,,,,,,,,,,,,,,,,,,,,,,,,,,,,,,,
High,2050,Current,Vestland,ethinylestradiol,estriol,diclofenac,ciprofloxacin,paracetamol,ibuprofen,,,,,,,,,,,,,,,,,,,,,,,,,,,,,,,,,,,,,,,,,,,,,,,,,,,,,,,,,,,,,,,,,,,,
High,2050,Current,Viken,ethinylestradiol,estriol,diclofenac,ciprofloxacin,paracetamol,ibuprofen,,,,,,,,,,,,,,,,,,,,,,,,,,,,,,,,,,,,,,,,,,,,,,,,,,,,,,,,,,,,,,,,,,,,
High,2050,Upgrade,Agder,ethinylestradiol,estriol,diclofenac,ciprofloxacin,paracetamol,ibuprofen,,,,,,,,,,,,,,,,,,,,,,,,,,,,,,,,,,,,,,,,,,,,,,,,,,,,,,,,,,,,,,,,,,,,
High,2050,Upgrade,Innlandet,ethinylestradiol,estriol,diclofenac,ciprofloxacin,paracetamol,ibuprofen,,,,,,,,,,,,,,,,,,,,,,,,,,,,,,,,,,,,,,,,,,,,,,,,,,,,,,,,,,,,,,,,,,,,
High,2050,Upgrade,Møre og Romsdal,ethinylestradiol,estriol,diclofenac,ciprofloxacin,paracetamol,ibuprofen,,,,,,,,,,,,,,,,,,,,,,,,,,,,,,,,,,,,,,,,,,,,,,,,,,,,,,,,,,,,,,,,,,,,
High,2050,Upgrade,Nordland,ethinylestradiol,estriol,diclofenac,ciprofloxacin,paracetamol,ibuprofen,,,,,,,,,,,,,,,,,,,,,,,,,,,,,,,,,,,,,,,,,,,,,,,,,,,,,,,,,,,,,,,,,,,,
High,2050,Upgrade,Oslo,ethinylestradiol,estriol,diclofenac,ciprofloxacin,paracetamol,ibuprofen,,,,,,,,,,,,,,,,,,,,,,,,,,,,,,,,,,,,,,,,,,,,,,,,,,,,,,,,,,,,,,,,,,,,
High,2050,Upgrade,Rogaland,ethinylestradiol,estriol,diclofenac,ciprofloxacin,paracetamol,ibuprofen,,,,,,,,,,,,,,,,,,,,,,,,,,,,,,,,,,,,,,,,,,,,,,,,,,,,,,,,,,,,,,,,,,,,
High,2050,Upgrade,Troms og Finnmark,ethinylestradiol,estriol,diclofenac,ciprofloxacin,paracetamol,ibuprofen,,,,,,,,,,,,,,,,,,,,,,,,,,,,,,,,,,,,,,,,,,,,,,,,,,,,,,,,,,,,,,,,,,,,
High,2050,Upgrade,Trøndelag,ethinylestradiol,estriol,diclofenac,ciprofloxacin,paracetamol,ibuprofen,,,,,,,,,,,,,,,,,,,,,,,,,,,,,,,,,,,,,,,,,,,,,,,,,,,,,,,,,,,,,,,,,,,,
High,2050,Upgrade,Vestfold og Telemark,ethinylestradiol,estriol,diclofenac,ciprofloxacin,paracetamol,ibuprofen,,,,,,,,,,,,,,,,,,,,,,,,,,,,,,,,,,,,,,,,,,,,,,,,,,,,,,,,,,,,,,,,,,,,
High,2050,Upgrade,Vestland,ethinylestradiol,estriol,diclofenac,ciprofloxacin,paracetamol,ibuprofen,,,,,,,,,,,,,,,,,,,,,,,,,,,,,,,,,,,,,,,,,,,,,,,,,,,,,,,,,,,,,,,,,,,,
High,2050,Upgrade,Viken,ethinylestradiol,estriol,diclofenac,ciprofloxacin,paracetamol,ibuprofen,,,,,,,,,,,,,,,,,,,,,,,,,,,,,,,,,,,,,,,,,,,,,,,,,,,,,,,,,,,,,,,,,,,,
